model_name,launch_year,launch_price_usd,estimated_production_cost_usd,units_sold_million,revenue_usd_billion,profit_usd_billion,profit_margin_percent
iPhone 1,2007,499,220,6.1,3.0439,1.7019,55.91182364729459
iPhone 2,2008,599,240,15.4,9.2246,5.5286,59.933222036727884
iPhone 3,2009,599,250,20.7,12.399299999999998,7.2243,58.263772954924875
iPhone 4,2010,649,280,40.0,25.96,14.76,56.85670261941448
iPhone 5,2011,649,300,72.3,46.9227,25.2327,53.77503852080123
iPhone 6,2012,649,320,125.0,81.125,41.125,50.693374422187986
iPhone 7,2013,649,330,150.2,97.47979999999998,47.913799999999995,49.152542372881356
iPhone 8,2014,649,360,222.4,144.3376,64.2736,44.53004622496148
iPhone 9,2015,649,375,174.1,112.9909,47.7034,42.21879815100154
iPhone 10,2016,649,390,159.3,103.38570000000001,41.258700000000005,39.907550077041606
iPhone 11,2017,699,410,124.7,87.1653,36.0383,41.3447782546495
iPhone 12,2018,999,470,63.0,62.937,33.327,52.95295295295295
iPhone 13,2019,699,430,159.2,111.28079999999999,42.824799999999996,38.483547925608015
iPhone 14,2020,799,460,201.0,160.599,68.139,42.428035043804755
iPhone 15,2021,799,470,176.8,141.2632,58.1672,41.17647058823529
iPhone 16,2024,899,520,112.5,101.1375,42.6375,42.15795328142381
iPhone 17,2025,999,560,98.4,98.30160000000001,43.19760000000001,43.94394394394394
